date,post-increment,preprocessor-in-statement,operator-precedence,all-nodes,literal-encoding,omitted-curly-braces,pre-increment,logic-as-control-flow,reversed-subscript,comma-operator,rev-str,project,type-conversion,repurposed-variable,macro-operator-precedence,non-atoms,implicit-predicate,conditional,assignment-as-value
2017-01-01,1001,78,15031,7877318,31,52882,683,64,0,482,db5a978ce9cc54b661448a4621add40d5608a2a7,webkit,305,803,71,7800922,1202,6192,645
2016-01-01,836,43,12659,6513777,28,49579,605,55,0,358,e2dbca91f0a682b53739be403a567b1a61bc81eb,webkit,297,743,37,6443895,1141,5538,623
2015-01-01,716,47,12017,6001794,24,46616,537,54,0,282,dac25a43fc37f1b4592f76dfe7c18df13224af7b,webkit,296,763,11,5935882,923,5395,577
2014-01-01,742,46,10581,5766405,23,44930,494,49,0,286,41632b61ff42fed6424e8a4b022a6cdb8fc080b9,webkit,375,757,123,5703531,1021,5201,573
2013-01-01,760,45,10701,6351800,22,50124,556,51,0,441,ba68e9715ac5e695f105cbb6a3a1cf4e9b5422d1,webkit,389,808,342,6282989,1014,5293,720
2012-01-01,661,35,9267,5326971,28,42244,558,51,0,245,b906afa6b2788d43ba6b41e89f8f8d5a62d39388,webkit,379,808,273,5268669,657,4489,677
2011-01-01,687,31,7766,4348990,24,35408,524,54,0,246,9d7dff1af02f9e53f4b05a18cb3747409a519799,webkit,354,757,177,4299678,843,3687,589
2010-01-01,558,27,5851,2973390,5,26663,467,36,0,153,87a094d262070624f003311c18efa30ab259fae6,webkit,262,550,126,2936372,568,2675,479
2009-01-01,496,23,4691,2284924,5,21239,605,28,0,118,e6d672f6006eb7d7959860a5e76594cccdb5ad4d,webkit,182,421,9,2255182,527,2143,441
2008-01-01,508,15,4142,1815040,5,16580,245,30,0,107,c8da90b92ebec1b1853ae6a75b3ac1103bd11a2c,webkit,150,348,9,1791376,447,1741,430
2007-01-01,546,13,4262,1520506,15,12948,181,24,0,105,63a634e5699e2ea14abaaa732aa1126bfc501185,webkit,138,409,10,1500196,1112,1194,492
2006-01-03,372,12,2394,1115273,5,9073,112,20,0,51,07d080359b391dceaab8ced08a3d7fef74288e39,webkit,104,244,3,1102011,258,951,425
2005-01-03,404,6,2150,1375199,10,8593,122,34,0,39,9ad47676c7657cc5fffda8e981184a2cef5af59a,webkit,59,195,0,1362886,320,828,365
2004-01-05,352,8,1797,782103,0,7192,121,34,0,41,b4ec4b16ec0beb91d059c7758184c6550bd1dc2a,webkit,38,190,0,771822,270,615,352
2003-01-01,338,5,1503,656831,0,6274,114,33,0,36,c594b671a011ab027f6bd8841d6f7d960d45aa84,webkit,31,156,0,648010,235,430,311
2002-01-07,218,0,1466,977308,0,11230,46,18,0,58,d0036af6b9135f0104672f0561abaf3e6b6404b9,webkit,50,218,0,963296,305,592,374
2017-01-02,554,140,2050,544597,0,6538,160,81,2,39,ded2782783f352201ac0b05c6dbe4831adb4a58b,vim,5,293,7,534084,962,519,452
2016-01-01,171,31,501,267741,0,1872,37,19,2,20,8f79acdf7ede2693fbda53c3c9693f16db4f193b,vim,1,88,2,264707,289,141,204
2015-01-07,166,31,499,265737,0,1865,37,19,2,21,abe382cd2ac032827d7ef286f3c19b21e85f30d4,vim,1,88,2,262719,288,140,204
2014-01-05,164,31,480,257260,0,1813,34,16,2,21,3f1138e8aefc91768cd3d94b4d15671204c117c3,vim,1,94,2,254331,289,133,199
2013-01-17,165,29,443,240143,0,1586,34,13,2,20,8754deb3b622186ff5efa0e5547a392aaed6a1c7,vim,1,87,2,237697,149,119,89
2012-01-04,162,29,417,232379,0,1527,32,13,2,20,79a2a49c5a2c973d14923894b63582d749774b94,vim,1,76,2,230024,148,117,88
2011-01-04,162,29,425,237436,0,1573,32,13,2,20,d91f704b030647fbaf6eedcb6492f2c231ad635a,vim,1,76,2,235018,158,117,91
2010-01-06,162,28,411,232786,0,1511,32,13,2,19,6f9770137369e00bdad6fe9dcfe282cac4dd8c40,vim,1,75,2,230440,163,118,94
2009-01-06,167,31,423,239531,0,1599,32,13,2,21,238b8e20bb3c659a7350ab4dbf04d05a56ab2d13,vim,1,78,2,237076,165,118,97
2008-01-01,167,31,426,239709,0,1596,32,13,2,21,ee3f7a51c8a2eadde419971cb5a9e01336752a52,vim,1,78,2,237253,165,118,98
2007-01-09,167,31,425,239036,0,1589,32,13,2,21,df88dda91c2f436f4cf2360d27a306efc0087e4f,vim,1,78,2,236588,165,117,98
2006-01-12,168,31,422,245971,0,1677,33,13,2,26,4770d09abd866bb53d95895dc6a5c5fe7cccb619,vim,1,78,2,243431,173,119,101
2005-01-02,186,33,462,258608,0,1761,36,13,2,26,3411469dd2a23fddc4fc0be1a79a58a7a05160e4,vim,6,82,0,255912,176,120,106
2017-01-01,311,68,4296,2632592,0,14131,87,24,0,108,a7425cf5cf0203d044d88b133ef78979973f44c4,subversion,7,284,19,2611473,459,1749,465
2016-01-04,309,68,4102,2523888,0,13668,82,24,0,98,7e219da72b8a85314a59fc46ca7da82d3813640f,subversion,7,284,19,2503436,454,1684,497
2015-01-01,292,60,3683,2355224,0,12944,80,25,0,81,6cad015fb20f6142edb26ca8b9ff315fbbafd892,subversion,5,265,0,2336101,438,1581,484
2014-01-01,289,59,3590,2294571,0,12760,84,26,0,79,cccfae257604aef1c7730c2b1e4c8703a9862c44,subversion,6,265,0,2275776,444,1528,522
2013-01-01,223,56,2489,1663594,0,10770,59,24,0,57,10451b69fd30412cb9827f303c049ddf6738afe8,subversion,7,194,0,1648236,472,1194,497
2012-01-01,215,72,2207,1531430,0,10084,58,24,0,53,2ebbd5f0d4662fdeb125ecf798c6b68ee4ba6918,subversion,2,142,0,1517209,352,1116,449
2011-01-01,207,73,1863,1428175,0,9396,47,24,0,37,cd909e1151c0ffd2aaaf81a1206c9833b78b716c,subversion,2,127,0,1415085,318,1042,449
2010-01-01,206,71,1708,1315625,0,8933,40,24,0,41,d1e18e99273d3dc8b7e26a9403fe519375533f6e,subversion,2,118,0,1303223,267,1028,438
2009-01-01,192,65,1562,1210815,0,8656,41,26,0,38,55c43d3ae0aa0357f0ae320618262dedab53bf2e,subversion,2,103,0,1198835,253,1069,446
2008-01-02,148,61,1389,1075291,0,7602,34,25,0,34,6ba659cfa940fcd58326d6272e7e58cef2618087,subversion,2,90,0,1064754,215,936,408
2007-01-01,145,40,1167,934884,0,6075,27,23,0,30,33a935e94615911a7a5625cead76853a9f3804cf,subversion,2,69,0,926279,181,855,338
2006-01-02,135,39,900,823804,0,5637,23,20,0,28,0a29ffed0e286f625308bac5cd4ee8b108612c19,subversion,2,54,0,815999,209,769,316
2005-01-01,132,26,708,663790,0,4503,19,22,0,23,36f9664adae7a2ab5c47ca0beb68e162b6ddb6fa,subversion,2,47,0,657499,209,638,247
2004-01-01,115,27,554,539173,0,3708,13,12,0,21,a4031af1894b9ba16c101aa21ccbde8617698684,subversion,2,47,0,534011,173,523,186
2003-01-01,96,19,376,447602,0,3191,10,9,0,19,a2d1ca76106e49d52fd12382c1f4ebc839df83dc,subversion,2,39,0,443323,219,353,166
2002-01-02,120,15,361,353385,0,2783,14,7,0,23,e936c4646e4c4909fdafcbfb1aec5526d1bf4612,subversion,1,19,0,349807,182,181,72
2001-01-03,85,10,317,161155,0,1712,12,3,0,23,8aa8da9d89938dac4a9e1514730336d112b5fc6f,subversion,0,17,0,158913,95,91,43
2017-01-10,626,0,3369,695539,0,2,82,7,0,65,72060f4ec87b50994e5b667b14215795120d906c,nginx,0,149,0,691483,49,310,12
2016-01-11,599,0,3107,628848,0,1,68,6,0,54,65af9b8be2c865b157ca02f08131d79e422fef68,nginx,0,131,0,625144,37,269,9
2015-01-13,562,0,2803,572030,0,2,64,6,0,36,2754fd3c803cce0ae7caf1a2ce2ada7e88e60b1b,nginx,0,120,0,568653,34,269,9
2014-01-03,526,0,2659,545837,0,2,61,5,0,36,9a72030c2507a635d9c17a76a992cec21067dbcf,nginx,0,108,0,542645,31,252,9
2013-01-08,515,0,2562,516167,0,2,56,6,0,35,ff2e3042236e3bf522090d5b07f5f895a4cef921,nginx,0,103,0,513100,33,235,9
2012-01-10,517,0,2481,497670,0,2,59,6,0,33,d55ce18c953ed46893f531e2d1ba6e4db6f7399d,nginx,0,99,0,494695,30,227,9
2011-01-20,529,0,2331,469609,0,2,56,6,0,31,6586e821082d291c45068b208fad6ed360d95b44,nginx,0,94,0,466788,30,214,12
2010-01-01,506,0,2126,448954,0,2,55,6,0,31,571ebe28d66e5f58d53f4adb820facf6012aba9a,nginx,0,93,0,446351,24,214,12
2009-01-12,488,0,1919,409369,0,2,47,6,0,32,19961d20ceb90d7b3a7b0b7276974d88affe722e,nginx,0,84,0,407034,16,174,20
2008-01-03,447,0,1709,371605,0,2,42,5,0,35,deb073e2ca000c395c1b20eff0e09dd446238a2a,nginx,0,71,0,369527,19,145,20
2007-01-01,351,0,1369,317465,0,2,30,5,0,28,db05d33c6a508ede143626e9da7b0b9155e1cb51,nginx,0,63,0,315802,21,108,20
2006-01-11,337,0,1300,286255,0,2,31,4,0,26,243edbb727c49ac25355e109a097f1ca2d9e1e44,nginx,0,64,0,284676,17,96,27
2005-01-18,306,0,849,203040,0,4,19,4,0,12,02025fd6bdfa997f521c3b26a08aeba366308e84,nginx,0,44,0,201661,20,86,281
2004-01-05,127,0,441,125459,0,8,14,0,0,10,3c3ca1735815a4e495922b50b01a258016c93d4b,nginx,0,13,0,124733,43,53,113
2003-01-09,51,0,115,38539,0,63,7,0,0,6,4e9393a0548d783cd6f50d1fcd003c85a24b2b16,nginx,0,8,0,38239,14,22,51
2002-08-06,3,0,26,9572,0,53,2,0,0,5,6de5c2cb63f8aee4bcbec3c363a72fd8e4a4e64d,nginx,0,4,0,9443,2,1,40
2017-01-03,2591,70,13005,4679543,6,22872,596,439,0,2620,e7a3ccf6b1b1b41e0fa191d26e9e775517c6deee,mysql-server,574,1175,89,4628148,3602,3806,6012
2016-01-04,3878,147,21930,8429666,12,36583,820,724,0,4250,a48e25f50dcf98a8889bd5997432651a7f950c2e,mysql-server,477,1893,327,8347622,6071,6133,7915
2015-02-02,3438,110,20388,7733846,11,33975,767,686,0,3794,13c9217d2aeca56b2b85fe254751662768f523fe,mysql-server,475,1641,297,7657225,6003,5627,7754
2014-01-01,6,0,21,48098,0,57,5,0,0,4,f5e875a675dd068cea78b47f86d4c81a0f4516b2,mysql-server,0,5,0,47974,7,30,3
2013-01-01,2777,64,12924,4880404,6,21638,570,440,0,2494,f5f40badc5aa189ef902907f60ea8f24e22bf5db,mysql-server,656,1150,87,4830574,3526,3643,5974
2012-01-02,2615,78,13924,5044031,4,24142,617,469,0,2705,99e9ef0f1de44451ef0ff88c79af6589ea751a8c,mysql-server,556,1200,89,4989804,3771,4068,6330
2011-01-03,2924,70,13948,5609634,7,24218,587,490,0,2709,ef70fac64c926caf4993c7d8e16004ff1b630803,mysql-server,858,1226,147,5553871,4735,4012,6406
2010-01-03,2907,72,13733,5425384,7,23630,575,483,0,2682,8920b6948a6620f4aa82956c3876b2b8dce0c39f,mysql-server,851,1194,107,5371193,4386,3840,6188
2009-01-02,121,8,857,384999,0,59,38,4,0,22,e940107e2db5ca1e5bd5e22dd852f5d8064d9d74,mysql-server,1,73,0,383758,64,80,86
2008-01-01,2617,60,11974,4481529,7,21243,519,413,0,2499,b46b16080961e9aa7d316f85a9e2302026367343,mysql-server,678,1066,88,4433770,3325,3479,5760
2007-01-01,2006,25,8455,3663768,1,16505,461,326,0,1298,0255a1c9c2155d7beeb76517d1a9770789960369,mysql-server,619,911,14,3628155,2185,2495,4683
2006-01-02,2500,39,10601,4251957,6,19207,525,358,0,2029,7ce1981bbd58507a8f0a770bac738dd649482474,mysql-server,626,1025,36,4209079,2707,3082,5530
2005-01-01,2108,26,8588,3700126,1,16461,431,329,0,1300,a7c2a9e0b80a03c1f00859def121d09934b229aa,mysql-server,574,891,14,3664373,2204,2423,4753
2004-02-01,1570,26,6194,1859293,0,10230,354,254,0,948,2a9cd37cd69e70dfbfe868b635bc21c8996d8fb7,mysql-server,537,628,11,1835641,798,1547,3800
2003-01-01,1592,24,5923,1723419,0,9738,356,240,0,941,aedd600401585b0719d64acae560836d6fc83c12,mysql-server,447,609,13,1700915,784,1404,3576
2002-01-02,1514,27,5167,1570404,0,8114,328,174,0,770,cb8bb9a84c17ed91b9b26719a6984606d55a35c0,mysql-server,392,532,4,1551088,680,1219,3146
2001-01-01,1452,14,4600,948140,0,7322,238,155,0,750,e05df20dc5e5791d1725ffe9add9b813b69a67c0,mysql-server,367,455,4,930807,534,1129,2793
2000-08-01,1408,14,4414,905904,0,6847,224,144,0,733,b1fc59a4fe78b78e5a969bedb516c8ba3ab32164,mysql-server,330,444,4,889500,486,1063,2655
2017-01-03,3112,178,17968,11637754,182,40379,922,501,0,1438,f96f0ea2279962f31b18af1232ef11acfcb9f932,mongo,286,2790,95,11564209,2117,5835,3889
2016-01-04,1654,152,28253,9539755,186,36665,691,251,0,1150,b8b3c3f5962aea2931df2b8807de35d2a9ff87aa,mongo,266,1664,102,9463957,2340,4459,2354
2015-01-01,1599,259,27166,11555941,151,26221,861,236,0,1420,6a7bf01c38aaea4bb4fe5121186a6030cff3ea3c,mongo,242,1974,320,11491796,2162,4647,2003
2014-01-01,948,109,5513,6051344,125,15202,500,68,0,561,04221630900335fc6ee0d9922edae9d29f02d66d,mongo,203,831,47,6025661,1107,2194,506
2013-01-01,1113,198,6612,6066486,126,17264,579,113,0,644,5e4b69b88e39180a527871e44efc4911a44a4d6e,mongo,265,1031,122,6036838,1152,2370,708
2012-01-02,609,107,3099,1210768,1,7389,226,69,0,147,7341d9441ff64a1081a969429799c5ab0e5c15eb,mongo,171,428,97,1197466,685,907,406
2011-01-01,330,17,1034,693352,0,3759,110,19,0,55,c2e0253554254055bea67d0d38f50cb1e96d0c63,mongo,102,186,97,687085,589,392,119
2010-01-02,295,16,741,417171,0,2708,82,18,0,51,fcf2d5721c4e233009e12b0db325b164327db377,mongo,62,139,48,412556,522,270,92
2009-01-02,263,7,492,176222,0,1683,73,15,0,19,babed9805003410eee2d3202dea7d1d5eb446ec1,mongo,16,122,4,173096,470,190,74
2008-01-20,453,9,2654,3725321,0,4956,342,51,0,556,a186665dd792aabe3f2cba60880e2d8f1b5017fb,mongo,26,656,3,3715208,459,850,394
2007-10-19,2,0,10,7105,0,23,1,0,0,0,e73188b5512c82290a4070af4afddac20d0b981e,mongo,0,0,0,7063,5,3,0
2010-01-01,14755,1340,219513,35296547,1139,253642,3478,1325,1,4696,ee5f4d9cdf32fd99172d11665c592a288c2b1ff4,linux-historical,1757,12582,390,34737053,66311,20791,15241
2009-02-01,12549,1126,180540,29500195,511,208442,2985,1236,1,3870,4fb669948116d928ae44262ab7743732c574630d,linux-historical,1349,11071,360,29036205,56419,17451,14828
2008-01-01,11609,1045,147724,24613821,367,174587,2703,1239,1,3655,961d57c883198831503c7be5c088a26101dfb16c,linux-historical,1180,9721,313,24224234,48727,14920,15310
2007-01-01,11233,842,130324,22384469,342,157039,2550,1260,1,3733,86b67ef7518d1fcd4489dc464d4c33a274a1c635,linux-historical,1027,9177,266,22033388,43845,13740,15772
2006-01-01,10293,814,110017,19994455,330,135259,2275,1267,1,3386,557962a926c62a9c4bd79d6b36df873d4f8c51ef,linux-historical,986,8746,318,19690762,36980,12643,15681
2005-01-01,9287,760,94993,17877125,327,120539,2145,1205,1,3168,a0e6d673910e01f06dfb0e19909096bc1ff59f0f,linux-historical,869,8124,281,17608547,32584,11111,14682
2004-01-01,9421,640,85018,16236186,305,114732,2114,1286,2,2981,3f9b352c4bb16c3e82c2fd285c385e56cac59c96,linux-historical,878,8667,342,15984287,29933,11025,14658
2003-01-01,8945,531,76993,15110545,297,107889,1914,1216,4,3151,babe9b6a5b7dd39899f7b2b1e5f3b27e7a616c8d,linux-historical,853,8083,334,14876485,27445,10501,13717
2002-01-14,7592,444,55130,10990398,239,81004,1630,975,4,1904,45a555a612820a67faaacfb40091e0027f5e44b4,linux-historical,739,6535,333,10816593,20528,7992,10357
2001-01-04,6777,391,45855,9055422,225,68708,1540,845,3,1812,01de81a64c79360910ddfe0260f1cee9ce8a9263,linux-historical,581,5781,280,8908900,16659,6632,9076
2000-01-04,5505,298,35478,6921241,222,55698,1371,709,3,1507,009fd2ba27e4c3477e073db70b95ffe322817262,linux-historical,493,4720,205,6803705,13797,5534,7390
1999-01-01,4160,184,21701,4466935,133,37323,1009,566,2,972,433874c987c6e61c42364c2da75a1af35c7dd029,linux-historical,303,3126,119,4390314,9360,3390,4957
1998-01-02,3147,155,15582,3475752,97,29220,778,468,2,752,0c7975c1bdf8ea1f8a72b67d62c986a603389762,linux-historical,266,2383,94,3417273,6942,2551,4145
1997-01-02,2064,129,9252,2623504,48,22205,603,306,2,557,1bf1a4b5d4cc61cff18a1248d313e732815f57ea,linux-historical,190,1661,122,2582137,5101,1704,3238
1996-01-01,1330,83,5551,1528995,38,15011,384,224,0,393,0f2d93c27ff4f7ae2528e66ddc5dcd8d25180b19,linux-historical,142,973,74,1501890,3208,1118,2420
1995-01-01,734,45,2984,776934,15,8859,253,132,0,273,1d8e3b93c6d2caab7decf3da0f26278d7714c316,linux-historical,61,503,6,761368,1766,566,1463
1994-02-02,537,38,2220,573363,2,6628,168,110,0,149,2117de47865ce5a011b70b3fb2752f312dda4783,linux-historical,45,387,0,561845,1262,349,1130
1993-01-01,309,15,1101,288849,2,3137,61,77,0,41,f330dc1a986443e671621a04f981a2c67eb09fc4,linux-historical,27,231,0,283115,558,159,666
1992-01-15,108,0,217,63900,0,942,35,16,0,24,eb619203065fb78cb27270be426853057d6f472a,linux-historical,5,73,0,62262,129,37,228
1991-09-17,73,0,134,35035,0,543,31,15,0,10,9417d4148f0ddc5ee2cc1114ce97c71c5e4cb4b7,linux-historical,1,65,0,34038,68,18,151
2037-04-25,14254,1282,210308,33561737,1092,243382,3380,1290,1,4241,12ca45fea91cfbb09df828bea958b47348caee6d,linux,1661,12332,379,33024324,64193,19668,15093
2030-08-14,11730,1081,161525,25914379,422,190690,2821,1226,1,3675,09f2724a786f76475ef2985cf84f5359c553aade,linux,1289,10258,379,25491933,52534,15995,14744
2019-04-05,9513,788,100129,18583647,332,125130,2193,1211,1,3258,a27ac38efd6dc6dccebfc9bcc475ab4aa5fc4a56,linux,912,8374,326,18303688,34197,11617,15002
2017-02-01,20734,2125,479777,68441395,1536,519258,5243,1771,0,7148,920b4530fb80430ff30ef83efe21ba1fa5623731,linux,2424,19399,514,67302240,127390,39485,16805
2016-01-31,19942,2079,443956,64014196,1521,483497,5083,1713,1,6836,676787939ef8ccfcf8039104f766ebe5ebe23924,linux,2317,18829,476,62953172,118241,37087,16566
2015-01-01,18988,1897,408076,58629343,1494,443078,4905,1660,1,6692,8b324fa6915bf4ad7d28e58a5a004f16e470e58d,linux,2279,17875,451,57654122,107598,33895,16105
2014-01-31,18373,1781,382767,55883747,1696,417093,4771,1622,1,6424,338f977f4eb441e69bb9a46eaa0ac715c931a67f,linux,2226,17006,361,54964228,101301,31954,17039
2013-01-01,17400,1656,332294,49899991,1583,367726,4519,1540,1,5563,41147bfdc5c0d6acb39d2b3b8a4eb6ffb08e4b42,linux,2278,15721,366,49089817,91816,28602,16051
2012-01-31,16509,1534,283759,44378001,1516,325981,4237,1456,1,5723,5f7b6d19723427a1d406c9640fe6f48fa97b5e1a,linux,2122,14901,390,43667839,80093,26318,14856
2011-01-01,15481,1403,250624,40049916,1406,288378,3898,1437,1,5648,2f32c867219734b06abc980d4812f67b6d6fe517,linux,1857,13985,389,39417757,72842,23302,15263
2010-01-01,14775,1347,219857,35348336,1139,254069,3485,1323,1,4693,f8ec9d6837241865cf99bed97bb99f4399fd5a03,linux,1758,12595,393,34787910,66463,20803,15238
2009-02-01,12549,1126,180540,29500195,511,208442,2985,1236,1,3870,4fb669948116d928ae44262ab7743732c574630d,linux,1349,11071,360,29036205,56419,17451,14828
2008-01-01,11609,1045,147724,24613821,367,174587,2703,1239,1,3655,961d57c883198831503c7be5c088a26101dfb16c,linux,1180,9721,313,24224234,48727,14920,15310
2007-01-01,11233,842,130324,22384469,342,157039,2550,1260,1,3733,86b67ef7518d1fcd4489dc464d4c33a274a1c635,linux,1027,9177,266,22033388,43845,13740,15772
2006-01-01,10293,814,110017,19994455,330,135259,2275,1267,1,3386,557962a926c62a9c4bd79d6b36df873d4f8c51ef,linux,986,8746,318,19690762,36980,12643,15681
2005-01-06,9532,788,99998,18515299,331,124814,2190,1210,1,3252,14f8351a313f364afbc565f1ddcd43f8cfdccf52,linux,912,8359,326,18235819,34194,11598,14976
2004-07-29,9612,800,101869,18848679,335,127258,2181,1231,1,3258,d2cb1a95c5fa4d1691c90a4f530955b4ea3cfa24,linux,925,8473,346,18564285,34702,11817,15181
2003-02-20,11105,837,128367,22087447,342,154560,2509,1239,1,3625,f35723ec48ca60f2f3493ea40d63a9bc5b585c28,linux,1022,9103,267,21741702,43125,13519,15686
2002-04-09,10972,845,125876,21703667,336,151495,2489,1238,1,3480,0f64478cbc7a008fe7b7e9ae79a73d8a6904ead8,linux,1016,9117,266,21364092,42276,13352,15674
2001-09-17,19758,2000,426787,61473318,1501,464776,4978,1689,1,6656,aebda618718157a69c0dc0adb978d69bc2b8723c,linux,2252,18548,459,60452201,113759,35590,16232
1970-01-01,11561,1030,145218,24190045,367,171730,2689,1239,1,3732,224426f168aa4af3dcb628e6edaa824d32d60e6f,linux,1083,9649,300,23806584,47833,14679,15407
2017-01-02,558,32,2604,898678,0,2161,127,130,0,141,476f3290ebc0c4d88787c0229a0003321544e1a3,httpd,30,115,56,890473,1230,975,1206
2016-01-01,548,30,2484,849897,0,2146,120,122,0,136,c9a0b7fd8bae3272f6b3f8b1c1ca05ac46ba05d4,httpd,20,95,40,841972,1222,975,1140
2015-01-01,531,30,2372,786074,0,2164,118,115,0,127,ec9d08e7ffb116608ca488db6d33e1128e9a7339,httpd,21,85,6,778422,1144,892,1127
2014-01-02,508,29,2306,754152,0,2138,117,113,0,125,592377736003ea8e39cbf3c3523e47be37758fad,httpd,21,77,6,746692,1114,855,1101
2013-01-01,494,24,2262,728405,0,2080,114,100,0,124,e7a7b37de808bdd46f9dad72e215c4ac76034269,httpd,16,74,8,721139,1059,808,1106
2012-01-02,485,25,2194,688174,0,1981,118,97,0,127,a8e99b1e76448f958e9095f2fcfeb9d3a53c5792,httpd,15,74,8,681266,975,736,1055
2011-01-01,488,23,2028,648980,0,1690,111,91,0,102,b4fe85fa14d123a8d0f15b7281227f356f28f97f,httpd,15,66,9,642689,872,738,974
2010-01-01,453,22,1869,608488,0,1565,106,96,0,88,cc801b48cda8599c6beb091953343092aa481b1a,httpd,15,72,9,602610,792,668,980
2009-01-01,464,21,1843,607100,0,1564,110,92,0,82,0431ca6f18f30f3848e9153e00d856cd12e611d8,httpd,15,85,9,601238,805,630,997
2008-01-01,499,23,1753,640289,0,2069,139,92,0,88,42a666223a0e3d8d53b8cfa956be60b7fdbedce5,httpd,16,103,9,633951,767,645,996
2007-01-02,488,23,1707,627499,0,2037,134,91,0,85,dfb6045b10fc0ad4cfdbceb54edd3ce2171dd089,httpd,16,101,9,621311,732,629,970
2006-01-01,483,25,1709,612487,0,2022,132,89,0,78,12e9973d2f286ddd5b03b5ceff1d06bbd26729eb,httpd,17,104,9,606360,703,627,961
2005-01-01,477,29,1725,597505,0,2079,128,89,0,76,5d1425db6df31b11429fb7724466593862cf8204,httpd,18,104,10,591382,659,595,958
2004-01-01,441,28,1548,479438,0,1729,112,88,0,69,f7d4476f2278fc4348c1fa00892510fe574ac951,httpd,15,92,10,474028,593,549,896
2003-01-01,426,33,1404,478351,0,1970,95,80,0,76,8dbc918fc574840d77237eda5cb4d5110c968c13,httpd,14,90,9,473005,539,476,883
2002-01-01,424,27,1313,440626,0,2257,92,77,0,72,2160c665d845b8a3bf7fef70166f3461956ede71,httpd,14,69,9,435276,482,427,837
2001-01-01,435,39,1260,400543,0,2290,80,66,0,78,e66fb2519eac60c60371ebcb96dc28bd2add88c6,httpd,4,55,5,395424,477,348,679
2000-01-04,241,32,702,260616,0,1480,34,24,0,59,64c8c474a07a75b67dc6a8c2ade4b269a69ab8d8,httpd,8,39,4,257445,344,264,368
2017-01-01,700,13,5669,1078422,0,14954,226,102,0,186,c0ea09b2da01a970e6c7139e0f9a2d02d45a3543,git,10,612,28,1053972,2803,1153,681
2016-01-02,744,12,4879,1006827,0,14006,217,102,0,187,58639907993942d7b8c5477e58ccac72d242c10c,git,8,592,21,984264,2596,1085,646
2015-01-03,771,12,4166,948552,0,13210,221,100,0,189,10f102be211cf1ba61c983fb463665147052daa9,git,8,568,21,927604,2462,1047,636
2014-01-02,793,12,3914,884914,0,12506,216,96,0,183,e1c1a324fc7061c8f170a113709724f1640addb3,git,7,533,21,865073,2324,985,624
2013-01-01,774,6,3500,802682,0,11387,203,89,0,168,3a078dec3327fb68faa7c800040f89db3e38e6e5,git,8,502,19,784608,2068,894,581
2012-01-01,750,5,3323,756440,0,10674,185,85,0,167,9e6ed475e7a8d39350f102f0730d321de08e0585,git,8,478,19,739400,1957,855,567
2011-01-02,736,5,3094,713359,0,10053,176,88,0,141,1e58dba142c673c59fbb9d10aeecf62217d4fc9c,git,7,457,1,697289,1904,795,537
2010-01-01,670,4,2588,604967,0,8647,174,74,0,139,fa7151a61edf585abdbb3d2831e7992bf3925671,git,6,402,1,591175,1634,642,475
2009-01-01,605,3,2364,536094,0,7736,174,58,0,140,42e778bfec68d251b777c6b8444cda4bc51332be,git,5,361,0,523787,1365,540,434
2008-01-01,528,3,2053,453765,0,6460,157,48,0,130,02e5ba4ae63729c28704280f1b8cfcb205c06960,git,4,282,0,443383,1137,421,397
2007-01-01,404,4,1529,341405,0,4764,130,39,0,104,9d0524d42f340fc49f9e175d966afb7dce3854bb,git,3,221,0,333662,944,244,345
2006-01-01,201,4,737,166436,0,2282,51,15,0,28,2961e0ee8b3c49853f2da4b485d4e3851e973e9d,git,4,112,0,162810,455,97,129
2005-04-07,9,0,25,5750,0,65,4,0,0,0,e83c5163316f89bfbde7d9ab23ca2e25604af290,git,0,6,0,5639,7,7,0
2017-01-01,8629,1300,77973,34068599,322,99522,2446,840,0,5081,645fc16b79df3025ea458dbb078b3e49756a6eb4,gecko-dev,1520,8900,1098,33842408,9634,18984,9944
2016-02-01,9173,1191,74512,32447122,297,96909,2506,845,0,5042,d6b4ff4d6c3bd7952d0a40ee943ec7fae958d703,gecko-dev,1454,9046,1077,32227295,9600,18094,10142
2015-01-01,1,0,27,18328,0,10,3,3,0,4,68992e04cfb7d9e422b1d858683b4472413cdb1b,gecko-dev,0,0,0,18271,0,13,5
2014-01-01,8488,837,59634,24732499,169,88899,2357,769,0,4049,64258f4913dea035edadcc2f94515cb3a70fc947,gecko-dev,1139,7700,516,24544842,7767,13014,8638
2013-01-01,5999,743,48467,20008071,150,81468,1904,587,0,3596,09400dc8df0bd0260bff7b72f94a0747080ca73c,gecko-dev,835,6343,524,19845685,6889,10600,7405
2012-01-01,8017,777,54002,22030479,158,84241,2206,792,0,3781,b25e27c6399ecab71f14d73479300a2ac7d5fb68,gecko-dev,935,7281,576,21855116,7536,11711,8518
2011-01-01,4744,641,32934,13406664,121,71926,1496,599,0,2940,32f74752c12ad96fb3ad1bdbf63d68d7844fa3d2,gecko-dev,474,3610,364,13277853,4754,7717,6109
2010-01-02,4470,518,29026,12079039,37,71245,1481,605,0,3005,16a80883a1f2c9ff635f01b2a895e9f854f32b66,gecko-dev,438,3368,339,11956368,4725,6799,6006
2009-01-01,3919,433,26069,11292965,33,66776,1283,538,0,2702,e7ff0931166bd770c41abb48b17f67527e7370e2,gecko-dev,396,2765,317,11179469,4911,6222,5403
2008-01-01,3003,342,17894,8564180,25,56874,1003,420,0,1292,f9ee4eb39f1b7629b60f873474c1d713f9af0435,gecko-dev,344,1958,119,8474969,2210,4692,3795
2007-01-01,6519,582,32060,15537273,49,96403,1818,706,0,3704,295e999817159eddf2414901e3d993c16da189b8,gecko-dev,455,3255,280,15379724,4702,8235,9204
2006-01-01,5935,533,28893,14501739,25,92614,1702,651,0,3358,3c7fa9bcc7794bee145c9d015a555771b4c5e198,gecko-dev,486,2831,267,14353848,4030,7263,8582
2005-01-01,5621,484,26316,13860732,17,89090,1704,637,0,3150,2a49a03aaf1e239b2acacc49fd42ffbc64c8e8cd,gecko-dev,443,2570,277,13720166,3835,6977,8294
2004-01-01,6530,593,29537,15583508,19,101296,2008,593,0,3276,a49b36a72c33f92476d4543698c46d157199dec3,gecko-dev,328,3035,297,15425065,4202,7976,8597
2003-01-01,6405,618,28457,15823303,14,101105,2000,575,0,3162,5e1bcfd6d212909a105bc2587a53414d8ed0aa91,gecko-dev,340,3183,303,15666192,4327,7957,8232
2002-01-01,6096,624,26207,14762846,11,94396,1865,522,0,3088,128ac41103a8fa08a777ade87ac583bd6085c9ed,gecko-dev,283,2962,226,14617060,4034,7050,7555
2001-01-01,7279,565,27734,16133313,5,97872,2062,556,0,3222,51b8fae8b577969d20161f24016e54b32cac44e9,gecko-dev,268,2898,190,15979748,4064,7750,8281
2000-01-01,6163,511,20043,12710777,4,72960,1653,421,0,2548,ae9ed20b4432620d25307ed4d23786654072ec89,gecko-dev,195,1972,183,12595773,3140,5916,6505
1999-01-01,4715,355,14893,8990502,3,44972,1307,352,0,1146,600ee9cde19614e5b95be712e62c031a555da7fc,gecko-dev,165,1513,182,8914537,2413,4636,4871
1998-03-28,1735,235,7684,3578365,0,20251,279,114,0,637,3b56a9af51519d2e77e05efa672a13e6be2e9ebc,gecko-dev,88,725,131,3543600,1215,2022,2183
2017-01-01,8639,1779,56574,18252937,1012,169288,1795,932,32,4518,c87909e92abf53c72462545fd71f06a7c8060454,gcc,4120,13423,21,17980418,22409,14256,5405
2016-01-01,8492,1726,54722,19339433,952,162955,1840,891,28,4376,0f553cdb596426a5af6d3d310f8b9345eccb8fb1,gcc,3934,11669,22,19077860,20350,13573,5222
2015-01-01,8318,1320,50178,17909503,316,148312,1780,847,28,4217,1bb162fe73cbc72872e75220caa957b995621f1e,gcc,3401,11033,20,17670722,18822,12492,4870
2014-01-01,8338,1128,47313,16456268,199,138301,1660,813,28,3926,a80c339f05a6d68e94674b885ede65b397ef1aeb,gcc,3114,10690,19,16233147,17540,11503,4542
2013-01-01,8050,1032,43026,15143298,174,126451,1506,731,28,3477,edc63b2f7e52e996c1756fdda0d9f80fd46e928b,gcc,2634,10154,17,14939835,16100,10480,4160
2012-01-01,7725,951,39352,13931820,164,116897,1359,633,28,2905,e2b53ff87723ba5d7fc1b3f2362859c2857baf10,gcc,2265,8825,21,13744892,15120,9478,3811
2011-01-01,7469,852,35878,13352948,150,109283,1295,609,28,2793,a1fe26ecb7c703c97dcc73743afc0db2e68ea0e3,gcc,1808,8330,21,13179174,14010,8916,3642
2010-01-01,7080,809,32108,12214631,125,98490,1205,545,28,2635,c8d7995dc6792cfbd9299eee81c7e44194a77d7a,gcc,1647,7637,18,12057793,13152,8091,3323
2009-01-01,6727,689,29707,11498003,108,89954,1169,520,28,2506,d6e61aa728d8a53915ccb70763d5c9fb8cabb0fe,gcc,1495,7150,18,11355348,9804,7498,3088
2008-01-01,6414,598,26426,10658240,56,80761,1074,452,28,2365,60f25b92bea2b209be30b78b8469688ef0cb3e49,gcc,1275,6659,14,10530043,9196,6878,2712
2007-01-01,6069,502,22110,7314375,51,69546,1037,382,28,2239,4f1db732b726b4acd41858bfcc597d14eb6a77ae,gcc,1068,6085,13,7203741,8458,6022,2563
2006-01-01,5980,475,20116,6759526,42,64432,940,397,24,2138,0684f07b1e89809aa16878b2c36cf8fb9d800911,gcc,1118,5753,13,6656960,7896,5544,2437
2005-01-01,5748,342,17802,5838304,44,58496,834,381,23,1893,51a0525c68740a12d03f54dee4ccdd13ca1c6059,gcc,962,5171,11,5745673,7193,4863,2224
2004-01-01,2224,297,12022,4913055,44,50057,915,454,2,1775,60ee478074dc5417cbaa7de0d7007df29a427931,gcc,837,4875,14,4835259,6890,4283,2583
2003-01-01,1190,112,4246,2530595,34,15903,553,141,2,690,dd2e276040ca9318ca9d39a0419ae87a5c18a446,gcc,587,1414,9,2504331,3280,1359,1261
2002-01-01,977,102,3426,2704448,31,13240,531,130,2,564,18281053c72e32c18d800167d2771f16f8255106,gcc,498,1126,10,2682469,2995,1337,1103
2001-01-01,935,72,3455,2615178,31,12546,589,133,2,573,df3b4a51c4b969cadc5999249f1285ab4df163ef,gcc,303,1273,10,2594155,2958,1308,1082
2000-01-01,695,55,2818,2328882,20,10947,466,127,2,462,8911b94314927aee6752cb5d89765972694a44cb,gcc,149,821,8,2311285,2693,986,980
1999-01-01,529,43,2295,1653488,20,9282,420,122,2,399,4c9b1e8a69f629e60a472cfa653099ea37151431,gcc,116,756,2,1638556,2386,845,900
1998-01-01,433,35,2007,1355934,11,7964,367,113,2,364,9cef77f477116bf2cfaaf1e8227dcb7d04d66485,gcc,102,715,0,1343201,1928,603,744
1997-01-03,91,11,475,330285,1,1671,60,28,0,126,1324c669fdb7e71ea56b3f5273dc754db8c09f9f,gcc,17,10,0,327692,1123,112,158
1996-01-01,89,12,412,304287,1,1417,29,31,0,118,e2015c3b33936e31f92b3126672097bbb69fb4a8,gcc,5,6,0,302086,945,104,127
1995-01-02,88,14,397,274580,0,1290,29,31,0,104,22f21985f4f5f054178ffeaa20c64d068cb19deb,gcc,6,6,0,272543,857,94,120
1994-01-02,61,10,302,211412,0,920,27,19,0,82,860d312c91266b9d88524c95e55b2c05b0f9b475,gcc,2,3,0,209983,621,67,91
1993-01-01,43,4,176,166891,0,675,5,12,0,52,5d368311dffb472eb17e5d15fc434b348474b06c,gcc,2,0,0,165931,437,35,59
1992-01-01,50,1,107,61374,0,351,33,2,0,20,497de2d4368b02315def48ecd8063ee3af54bdc9,gcc,2,2,0,60799,132,17,34
1991-01-31,0,0,4,1139,0,8,0,0,0,1,02228692611e480488ae944ac531a529cab0f3fa,gcc,1,0,0,1126,1,0,0
1990-01-31,0,0,0,60,0,0,0,0,0,0,5f00a78dbe32ddde5ed9f2a78b41e1a5074bb4b7,gcc,0,0,0,60,0,0,0
1989-08-13,0,0,0,51,0,0,0,0,0,0,17cf341d65a3766f6451fe3bc20b9c010d38ba3b,gcc,0,0,0,51,0,0,0
2017-01-01,22471,4340,216194,66058922,538,488257,7705,4056,2,16880,7617377ac5cf2814bf06eed74a8a8cb39ad1127b,freebsd,1982,23144,1297,65201794,69931,38636,41410
2016-01-01,21753,4095,203737,61610854,519,456962,7375,3747,2,15900,ed55793422d36f8a8036159c0b7c8011bc2fe2fb,freebsd,1953,22123,1257,60806595,66578,35462,38660
2015-01-01,21427,3790,184655,52927247,532,417462,7008,3731,2,15375,a7ae9a638d5518687d8fddb26ebf58af5d3e6f2d,freebsd,1857,20677,1098,52191676,62083,31614,36873
2014-01-01,912,82,12218,4974695,73,40180,451,85,0,1199,bbe9ac81c3fe3a3ea47d81758276b4432d28786a,freebsd,133,1240,2,4914995,1479,4100,761
2013-01-01,19941,3459,167539,45649733,489,371768,6164,3318,2,14032,93a0b775d97f3cb10851b347ef0f7f198879fb8e,freebsd,1802,19073,1037,44987235,59821,27130,34494
2012-01-01,18860,3200,152199,43124390,460,342636,5713,3051,2,12921,6a395c235cd631e5e5401550e0fdc7cf67e8b020,freebsd,1758,17993,975,42514436,56697,25071,32006
2011-01-01,17847,2604,132925,37809641,430,307388,5413,2890,2,12237,8229c0275d7cf8c5a2cd1e09ddcc3c74e9fafcfb,freebsd,1332,16790,930,37263018,51207,22179,30670
2010-01-01,533,59,6434,2817452,29,22105,326,57,1,619,a16c51cee9225a354c999dd1076d5dba2aa79807,freebsd,64,793,10,2785004,746,1849,570
2009-01-01,15480,2153,110790,29024602,342,244880,4841,2645,2,10053,05475b9543d9864dc29a307affe7e03706cac326,freebsd,1127,14500,848,28577439,45734,17682,28199
2008-01-01,14753,1858,101329,26877527,283,228285,4555,2541,1,9279,d473542286827c0c2230741a59bf9977faa79e9d,freebsd,1080,13569,759,26463779,41492,16311,26841
2007-01-01,13601,1665,86164,24155244,284,205581,4381,2418,1,8392,51b8a53652a843529f52080a9fdba434ae855184,freebsd,1023,12284,667,23786788,38143,14578,24401
2006-01-01,13055,1554,78360,22598102,261,193480,4081,2289,1,7883,e9ab99b7204d428468215ebe4f6aa562b7e28457,freebsd,1004,11761,630,22254439,35050,13999,22876
2005-01-01,12468,1479,73167,21194249,218,181679,3847,2118,1,7254,52fb5ceb6899be995cfc1a318048a87f2888817f,freebsd,1024,11435,608,20872374,32056,12958,21019
2004-01-01,11053,1210,55470,17003259,161,128715,3435,1678,1,5950,f97ef1fb8606e22ac439369e8d68fc66caa0f0c2,freebsd,841,7368,471,16766191,24844,9764,18926
2003-01-01,10554,1192,49077,15982805,152,119254,3286,1540,2,4825,c28c69ebf9a0a85c7e9e76bbd63b981aa8478a41,freebsd,814,6689,494,15765460,23230,9631,17800
2002-01-01,8679,874,38773,13275965,104,93934,2812,1279,2,4037,e5d0c7a325f96d95457db7bc520f0cd886c77efe,freebsd,607,5297,564,13104098,17703,7503,14546
2001-01-01,7512,738,32991,11578447,137,82211,2505,1180,2,4495,37f5912410828f0ab050603a735d5279f156d37e,freebsd,591,4583,572,11428604,14963,6740,12660
2000-01-01,6249,557,24716,8657722,107,60911,1745,947,1,2866,41a606e47393e252b5a06b1bfce96ec5bb95786d,freebsd,474,3333,546,8546348,11018,5483,9956
1999-01-01,5367,444,20293,6841291,90,47886,1619,793,1,2196,e4a4ff71802ce68efaa1c69bb97266efedfdfb9b,freebsd,454,2471,449,6753228,8078,4257,8243
1998-01-01,4111,402,14866,5152724,65,36981,1239,671,1,1652,47c4182543240f5525adccee2b8af88df9c1e523,freebsd,368,1834,415,5085642,6097,3271,6364
1997-01-01,3112,298,12149,4622633,39,30761,1127,559,0,1470,d19cae33a9a44c6665389b783a9504f743ef92d6,freebsd,197,1526,383,4567284,5033,2829,5298
1996-01-01,2558,214,9837,3664768,42,24817,824,411,0,975,ff9186df13d1aa41b177a5cc27eae6ebed5bff8b,freebsd,178,959,333,3620599,3804,2206,4239
1995-01-01,1743,166,7063,2758780,12,15580,637,290,0,930,25d4652d990cadc984fe28cd5955da5f09e09d70,freebsd,120,489,334,2730087,2625,1550,2771
1994-01-02,164,31,589,550405,2,2303,71,27,0,169,44196ffe13e5376b5162406170953832ebc8a828,freebsd,4,33,43,546731,453,150,418
1993-06-12,2,0,18,26158,0,36,1,0,0,2,05cb592c95a1c6729c2aef7e67250bff09fb7daa,freebsd,1,0,16,26071,3,9,15
2017-01-01,791,131,4394,1158995,3,12485,189,291,0,593,4f7a90bf6ce831063d721324e712f8c38e85c678,emacs,391,1002,0,1137007,1705,1456,943
2016-01-01,795,131,4332,1139298,3,12299,183,282,0,587,982530518fd6806a896a75f73e29e2f3b59e5791,emacs,397,994,0,1117572,1757,1423,933
2015-01-01,695,117,3911,1024325,3,10913,153,220,0,553,8f0cf0a62b8bd30058dc78d598a08e6b2d57c106,emacs,448,940,0,1004600,1869,1310,824
2014-02-01,688,125,3836,1006962,3,10791,145,219,0,575,94304aea88c1b80eb95ffaa8ffb88cf52207ec5b,emacs,440,900,0,987536,1878,1259,808
2013-01-31,683,123,3438,839452,3,9929,144,224,0,499,ae8a4617f3829786fc675b0dd8d818697da6a214,emacs,333,806,0,821596,2176,1071,760
2012-01-01,691,126,3347,815464,3,9722,134,227,0,495,7da5b94434256b084e7755d53e6708f6ff4f7dc1,emacs,42,791,0,798144,2449,992,786
2011-01-01,702,101,3118,790097,7,9358,134,195,0,513,3afff00e6f188170ef5eca34d435e7a0730df3fc,emacs,46,796,0,773809,2119,864,736
2010-01-01,88,35,479,286668,0,1705,34,13,0,49,9c82e14597e63ce0d4b036deedc18a8a4732d19b,emacs,2,79,0,283977,538,139,153
2009-02-01,82,35,410,258079,0,1371,30,12,0,46,befa8175626a8be1a5f1f75341c8d05a4ffc8786,emacs,1,39,0,255875,501,116,137
2008-01-01,93,31,573,271896,0,1401,27,10,0,59,c59a24425bd684d22213781c70c2a8a5b01b3aa0,emacs,10,30,0,269698,423,109,144
2007-01-01,88,31,533,261212,0,1255,18,10,0,48,596258f4509f64b1880ff3042aebecd425c57acb,emacs,10,23,0,259250,398,97,133
2006-01-01,87,31,528,259557,0,1246,18,9,0,51,b20de1cd1c3c50c3ba74cc35fd2feb03927c36ff,emacs,10,23,0,257599,418,99,133
2005-01-01,83,27,503,251109,0,1189,18,8,0,43,f323e507d04d854d6626e1971d740a22600f4c67,emacs,10,22,0,249262,409,95,122
2004-01-01,86,27,499,250045,0,1179,19,7,0,41,02c77ee91c2ba77634313783193bbfd18160ec52,emacs,10,24,0,248212,383,94,121
2003-01-01,85,27,518,254344,0,1179,19,7,0,40,17f8fc449a1570c0ff81da17d215a6625d0c64be,emacs,10,23,0,252487,406,94,121
2002-01-01,81,28,534,247402,0,1155,22,7,0,57,2e4c04877489b6a61f9fce50f15572625212996b,emacs,10,27,0,245545,392,90,126
2001-01-01,83,28,612,253175,0,1178,27,7,0,62,4b825385a761d6098b1247d9998b781f1867351c,emacs,18,25,0,251203,393,90,128
2000-01-01,73,24,582,203115,2,896,26,9,0,57,9b784e967651d58d80914c83f254ecd33a10682d,emacs,22,25,1,201525,323,80,87
1999-01-02,65,6,493,165489,0,757,25,11,0,54,81d492d5da8d8d24f30ed514c4de9e968bcc2b6b,emacs,16,21,0,164219,216,78,71
1998-01-01,61,2,361,134806,0,543,22,9,0,34,b73ea88edf86ce4878ad3f9d27c9dc9dcac0bb59,emacs,15,19,0,133929,195,49,54
1997-01-01,47,2,329,115798,0,415,16,7,0,26,74ae5fabeb1ef1b611da835e3d28c8b530707613,emacs,9,12,0,115106,125,47,49
1996-01-01,25,2,283,107267,0,331,12,5,0,24,567c1ca939067d178a440c5d3a0b33c320e85f41,emacs,9,10,2,106722,111,30,38
1995-01-02,28,2,264,93931,0,359,10,2,0,28,3fe8bda56f651afc2846cfac561dfff604cb846f,emacs,8,8,0,93355,102,35,33
1994-01-01,7,1,188,58169,0,190,7,1,0,14,3d2e9cea7eb0a9aafebef31302e341bd51c3dca4,emacs,8,4,0,57867,75,16,24
1993-01-02,3,0,135,48187,0,145,3,0,0,11,fdcba502fabb3a06669fa43bf20a84c8fb7d185e,emacs,7,0,0,47968,56,12,17
1992-01-08,3,0,98,34380,0,96,2,0,0,11,e652a34a67f502767cd6e06800690438e4843a18,emacs,7,0,0,34224,27,10,19
1991-01-02,2,0,7,7199,0,14,0,0,0,3,632a8dd6c32b57eedf0825a35e27f43cf4e6c9bd,emacs,0,0,0,7169,5,1,6
1990-01-02,2,0,4,2933,0,2,0,0,0,0,701570d7d6b2239163cd22150e8709dbf53fcaf1,emacs,0,0,0,2925,2,1,0
1989-01-13,2,0,4,2202,0,2,0,0,0,0,497d1817d9f8fc369c8227835764dc50484e4c36,emacs,0,0,0,2194,2,1,0
1988-02-11,0,0,1,654,0,0,0,0,0,0,d7cc518448c8af66db86a842bbd0372e7e13a95a,emacs,0,0,0,653,0,0,0
1987-01-07,0,0,1,600,0,0,0,0,0,0,b20cd8dbd051aa561257df965c0d3eaef5df069e,emacs,0,0,0,599,0,0,0
1986-09-12,0,0,0,17,0,0,0,0,0,0,47bdd84a0a9d20aab934482a64b84d0db63e7532,emacs,0,0,0,17,0,0,0
1985-04-18,0,0,0,17,0,0,0,0,0,0,ce5584125c44a1a2fbb46e810459c50b227a95e2,emacs,0,0,0,17,0,0,0
2017-01-01,695,635,11427,6986110,18,53864,385,93,14,1157,b63fa9e2bb8aac0a80c3e3467991c6b1a4b01e6a,clang,1107,1955,70,6910647,1935,5311,1411
2016-01-01,1068,532,10236,5921691,18,41826,345,91,10,1025,bb8772dd106fb9b9cb0737575c15652bace0b9c7,clang,882,1555,52,5860112,1849,4711,1391
2015-01-01,1027,514,9341,5231898,18,37237,323,82,10,930,2e98270d45c3201e0ad684a798d217a9d0bfb258,clang,738,1380,30,5176778,1766,4296,1153
2014-01-01,954,448,8456,4692003,16,31934,268,84,8,865,ca70f4fa1c4eae6a47c97c773b8e63803a43a90c,clang,497,1226,24,4644308,1431,3764,1068
2013-01-01,824,410,7326,3921290,2,27890,162,57,7,735,7ff1e45cddd078c56bd18a77268b9eebd4289013,clang,359,1075,23,3879986,1298,3112,866
2012-01-01,711,319,6155,3224407,2,23502,126,53,7,590,be1ac0648b81d9dc9324e3eb0ae8a8a86a85e452,clang,268,836,22,3189738,1112,2664,721
2011-01-01,716,211,4312,2376449,1,17051,109,46,6,446,4ff1a1c09140e845239c2dd360edf8b7a2360216,clang,158,590,10,2351166,898,1899,559
2010-01-01,543,133,2939,1652806,1,11552,74,25,5,296,c171e3b192a372669cf622ff0b6a847f8e5b4220,clang,127,414,1,1635563,588,1306,414
2009-01-04,92,27,1190,722640,1,4842,30,9,2,111,b723f7520bcce5f13ccaae557c16a1e7133b6908,clang,36,154,1,715663,254,521,175
2008-01-02,41,10,495,306651,1,2076,12,3,1,51,b679fed0008131f18d2f8034146732c7dad9367f,clang,19,60,1,303629,162,189,104
